序号,状态,文章标题,URL slug,meta title,meta description,关键词,分类,推荐更新时间,搜索意图,内链建议,是否适合加入 ZEOGPT 注册 CTA,CTA 插入建议位置
1,已发布,ChatGPT 官网入口及国内使用 ChatGPT 教程,chatgpt-official-entry-domestic-use,ChatGPT 官网入口及国内使用 ChatGPT 教程 | ChatGPT中文指南,ChatGPT 官网入口以 chatgpt.com 为准。本教程说明国内用户使用前的地区核验、账号注册、中文对话、常见问题及第三方镜像风险。,ChatGPT 官网入口,ChatGPT 入门,2026-06-22,导航型 + 教程型,/blog/chatgpt-official-entry-domestic-use/；/blog/chatgpt-chinese-entry-guide/；/faq/,是,正文中段风险说明后、相关阅读后与文末
2,已发布,ChatGPT 中文版入口怎么找？国内用户使用指南,chatgpt-chinese-entry-guide,ChatGPT 中文版入口怎么找？国内用户使用指南 | ChatGPT中文指南,ChatGPT 中文版入口怎么找？本文说明中文对话与中文界面、ChatGPT 官网、第三方镜像站之间的区别，并给出安全核验步骤。,ChatGPT 中文版入口,ChatGPT 入门,2026-06-22,导航型 + 澄清型,/blog/chatgpt-official-entry-domestic-use/；/blog/chatgpt-chinese-entry-guide/；/faq/,是,入口辨别清单后、镜像说明后与文末
3,已发布,ChatGPT 官网打不开怎么办？常见原因与解决方法,chatgpt-website-not-working,ChatGPT 官网打不开怎么办？常见原因与解决方法 | ChatGPT中文指南,ChatGPT 官网打不开或登录失败时，按网址、服务状态、浏览器、Cookie、登录方式、地区支持和账号状态逐步排查。,ChatGPT 官网打不开,故障排查,2026-06-22,问题解决型,/blog/chatgpt-official-entry-domestic-use/；/blog/chatgpt-chinese-entry-guide/；/faq/,是,常规排查完成后，明确说明第三方服务不能修复官方账号
4,已发布,ChatGPT Plus 国内充值教程：账号、支付与注意事项,chatgpt-plus-china-payment-guide,ChatGPT Plus 国内充值教程：账号、支付与注意事项 | ChatGPT中文指南,说明 ChatGPT Plus 官方订阅价格、支付核验、国内用户常见付款问题，以及第三方代充、共享账号和镜像套餐的风险边界。,ChatGPT Plus 国内充值,Plus 与支付,2026-06-22,交易前研究型,/blog/chatgpt-plus-china-payment-guide/；/pricing-guide/；/faq/,是,官方与第三方方案对比后、风险提示后与文末
5,已发布,ChatGPT 镜像站安全吗？国内用户选择入口前要注意什么,chatgpt-mirror-site-safety,ChatGPT 镜像站安全吗？国内用户选择入口前要注意什么 | ChatGPT中文指南,ChatGPT 镜像站安全吗？从运营主体、模型来源、账号密码、对话隐私、支付退款、稳定性与绝对化宣传评估第三方入口。,ChatGPT 镜像站安全吗,镜像站与安全,2026-06-22,风险评估型,/blog/chatgpt-mirror-site-safety/；/disclaimer/；/zeogpt/,是,检查清单中段、实例说明后与文末
6,已发布,ZEOGPT 是什么？AI 模型订阅与 ChatGPT 镜像使用指南,what-is-zeogpt,ZEOGPT 是什么？AI 模型订阅与 ChatGPT 镜像使用指南 | ChatGPT中文指南,基于 ZEOGPT 公开页面介绍其多模型订阅、ChatGPT 镜像、Codex 额度、微信支付、三档套餐和第三方服务风险。,ZEOGPT 是什么,ZEOGPT 指南,2026-06-22,品牌研究型,/zeogpt/；/pricing-guide/；/blog/chatgpt-mirror-site-safety/,是,产品定位后、套餐说明后与文末
7,已发布,ZEOGPT 怎么注册？国内用户邮箱注册与开通教程,zeogpt-register-guide,ZEOGPT 怎么注册？国内用户邮箱注册与开通教程 | ChatGPT中文指南,ZEOGPT 注册教程：核对官方域名、填写邮箱、获取 5 分钟验证码、设置至少 8 位字母数字密码、登录后检查套餐与安全。,ZEOGPT 注册,ZEOGPT 指南,2026-06-22,操作教程型,/zeogpt/；/pricing-guide/；/blog/chatgpt-mirror-site-safety/,是,步骤开始前、套餐核验后与文末
8,已发布,ZEOGPT 套餐怎么选？Plus、Pro 5x、Pro 20x 区别说明,zeogpt-pricing-comparison,ZEOGPT 套餐怎么选？Plus、Pro 5x、Pro 20x 区别说明 | ChatGPT中文指南,对比 ZEOGPT Plus、Pro 5x、Pro 20x 的月付公开价格、模型次数、绘图、Codex 额度、适用人群与购买前风险。,ZEOGPT 套餐,ZEOGPT 指南,2026-06-22,商业比较型,/zeogpt/；/pricing-guide/；/blog/chatgpt-mirror-site-safety/,是,对比表后、选择建议后与文末
9,待撰写,ChatGPT 注册教程：邮箱、登录方式与账号安全说明,chatgpt-account-registration-guide,ChatGPT 注册教程：邮箱、登录方式与账号安全说明 | ChatGPT中文指南,说明官方注册入口、登录方式一致性、密码和验证码安全。本文提供原创中文教程、核验步骤与风险提醒；相关价格、模型和规则以实时页面为准。,ChatGPT 注册教程,ChatGPT 入门,2026-06-26,操作教程型,/blog/chatgpt-mirror-site-safety/；/disclaimer/；/zeogpt/,否,不加入；优先引导官方帮助中心
10,待撰写,ChatGPT 注册失败怎么办？验证码、邮箱与登录方式排查,chatgpt-registration-failed,ChatGPT 注册失败怎么办？验证码、邮箱与登录方式排查 | ChatGPT中文指南,排查验证码过期、邮箱规则、浏览器 Cookie 和登录方式不一致。本文提供原创中文教程、核验步骤与风险提醒；相关价格、模型和规则以实时页面为准。,ChatGPT 注册失败,故障排查,2026-06-30,问题解决型,/blog/chatgpt-official-entry-domestic-use/；/blog/chatgpt-chinese-entry-guide/；/faq/,否,不加入；避免把第三方注册包装成官方故障方案
11,待撰写,ChatGPT 官网入口真假怎么分辨？域名与仿冒页面检查,chatgpt-official-site-verification,ChatGPT 官网入口真假怎么分辨？域名与仿冒页面检查 | ChatGPT中文指南,从域名、证书、账号、付款和隐私政策识别官方与仿冒页。本文提供原创中文教程、核验步骤与风险提醒；相关价格、模型和规则以实时页面为准。,ChatGPT 官网入口真假,ChatGPT 入门,2026-07-04,导航型 + 安全型,/blog/chatgpt-official-entry-domestic-use/；/blog/chatgpt-chinese-entry-guide/；/faq/,可选,结尾以第三方服务辨别案例自然带出
12,待撰写,ChatGPT 怎么设置中文？界面语言与中文提问方法,chatgpt-chinese-language-settings,ChatGPT 怎么设置中文？界面语言与中文提问方法 | ChatGPT中文指南,说明中文提问、界面语言、浏览器翻译和输出格式设置。本文提供原创中文教程、核验步骤与风险提醒；相关价格、模型和规则以实时页面为准。,ChatGPT 中文设置,ChatGPT 入门,2026-07-08,操作教程型,/blog/chatgpt-official-entry-domestic-use/；/blog/chatgpt-chinese-entry-guide/；/faq/,否,不加入
13,待撰写,手机怎么使用 ChatGPT？移动网页与官方 App 注意事项,chatgpt-mobile-use-guide,手机怎么使用 ChatGPT？移动网页与官方 App 注意事项 | ChatGPT中文指南,介绍移动网页、官方应用识别、权限和账号同步。本文提供原创中文教程、核验步骤与风险提醒；相关价格、模型和规则以实时页面为准。,手机使用 ChatGPT,ChatGPT 入门,2026-07-12,操作教程型,/blog/chatgpt-official-entry-domestic-use/；/blog/chatgpt-chinese-entry-guide/；/faq/,否,不加入
14,待撰写,电脑怎么使用 ChatGPT？浏览器与桌面应用入门,chatgpt-desktop-use-guide,电脑怎么使用 ChatGPT？浏览器与桌面应用入门 | ChatGPT中文指南,介绍桌面浏览器、官方客户端核验、登录和数据同步。本文提供原创中文教程、核验步骤与风险提醒；相关价格、模型和规则以实时页面为准。,电脑使用 ChatGPT,ChatGPT 入门,2026-07-16,操作教程型,/blog/chatgpt-official-entry-domestic-use/；/blog/chatgpt-chinese-entry-guide/；/faq/,否,不加入
15,待撰写,ChatGPT 网页版和 App 有什么区别？国内用户选择建议,chatgpt-web-vs-app,ChatGPT 网页版和 App 有什么区别？国内用户选择建议 | ChatGPT中文指南,比较网页、官方 App 的更新、权限、通知、文件和账号体验。本文提供原创中文教程、核验步骤与风险提醒；相关价格、模型和规则以实时页面为准。,ChatGPT 网页版,ChatGPT 入门,2026-07-20,比较型,/blog/chatgpt-official-entry-domestic-use/；/blog/chatgpt-chinese-entry-guide/；/faq/,否,不加入
16,待撰写,ChatGPT 免费版和 Plus 有什么区别？功能与适用人群,chatgpt-free-vs-plus,ChatGPT 免费版和 Plus 有什么区别？功能与适用人群 | ChatGPT中文指南,比较额度、模型、工具、稳定性、成本和使用场景。本文提供原创中文教程、核验步骤与风险提醒；相关价格、模型和规则以实时页面为准。,ChatGPT 免费版 Plus 区别,Plus 与支付,2026-07-24,比较型,/blog/chatgpt-plus-china-payment-guide/；/pricing-guide/；/faq/,可选,官方方案对比结束后，单独标为第三方替代方案
17,待撰写,ChatGPT Plus 有哪些功能？订阅前的完整检查清单,chatgpt-plus-features-guide,ChatGPT Plus 有哪些功能？订阅前的完整检查清单 | ChatGPT中文指南,按模型、额度、文件、语音、图像和产品变化解释订阅价值。本文提供原创中文教程、核验步骤与风险提醒；相关价格、模型和规则以实时页面为准。,ChatGPT Plus 功能,Plus 与支付,2026-07-28,交易前研究型,/blog/chatgpt-plus-china-payment-guide/；/pricing-guide/；/faq/,可选,结尾“其他多模型需求”一节
18,待撰写,ChatGPT Plus 支付失败怎么办？账单与卡片问题排查,chatgpt-plus-payment-failed,ChatGPT Plus 支付失败怎么办？账单与卡片问题排查 | ChatGPT中文指南,排查账单地址、卡片状态、银行设置、重复请求和平台账单。本文提供原创中文教程、核验步骤与风险提醒；相关价格、模型和规则以实时页面为准。,ChatGPT Plus 支付失败,Plus 与支付,2026-08-01,问题解决型,/blog/chatgpt-plus-china-payment-guide/；/pricing-guide/；/faq/,否,不加入；避免误导用户转向代充
19,待撰写,ChatGPT Plus 自动续费怎么取消？网页与应用商店说明,chatgpt-plus-cancel-subscription,ChatGPT Plus 自动续费怎么取消？网页与应用商店说明 | ChatGPT中文指南,说明网页订阅与应用商店订阅的不同管理入口和生效时间。本文提供原创中文教程、核验步骤与风险提醒；相关价格、模型和规则以实时页面为准。,ChatGPT Plus 取消续费,Plus 与支付,2026-08-05,操作教程型,/blog/chatgpt-plus-china-payment-guide/；/pricing-guide/；/faq/,否,不加入
20,待撰写,ChatGPT Plus 可以退款吗？官方订阅与第三方服务边界,chatgpt-plus-refund-guide,ChatGPT Plus 可以退款吗？官方订阅与第三方服务边界 | ChatGPT中文指南,区分官方账单、应用商店、代充和镜像套餐的退款主体。本文提供原创中文教程、核验步骤与风险提醒；相关价格、模型和规则以实时页面为准。,ChatGPT Plus 退款,Plus 与支付,2026-08-09,问题解决型,/blog/chatgpt-plus-china-payment-guide/；/pricing-guide/；/faq/,可选,第三方退款边界章节，链接套餐风险页
21,待撰写,ChatGPT Plus 账号安全吗？共享、代充与异常登录风险,chatgpt-plus-account-safety,ChatGPT Plus 账号安全吗？共享、代充与异常登录风险 | ChatGPT中文指南,说明共享账号、代充登录、会话泄露、异常付款与账号恢复风险。本文提供原创中文教程、核验步骤与风险提醒；相关价格、模型和规则以实时页面为准。,ChatGPT Plus 账号安全,Plus 与支付,2026-08-13,风险评估型,/blog/chatgpt-mirror-site-safety/；/disclaimer/；/zeogpt/,可选,替代方案章节，保持风险优先
22,待撰写,ChatGPT 常见错误提示汇总：从页面异常到请求失败,chatgpt-error-messages-guide,ChatGPT 常见错误提示汇总：从页面异常到请求失败 | ChatGPT中文指南,按白屏、网络错误、会话过期、请求失败和服务故障分类。本文提供原创中文教程、核验步骤与风险提醒；相关价格、模型和规则以实时页面为准。,ChatGPT 错误提示,故障排查,2026-08-17,问题解决型,/blog/chatgpt-official-entry-domestic-use/；/blog/chatgpt-chinese-entry-guide/；/faq/,否,不加入
23,待撰写,ChatGPT 登录失败怎么办？循环登录与账号找回指南,chatgpt-login-failed,ChatGPT 登录失败怎么办？循环登录与账号找回指南 | ChatGPT中文指南,排查登录方式、Cookie、设备时间、验证码和账号安全提示。本文提供原创中文教程、核验步骤与风险提醒；相关价格、模型和规则以实时页面为准。,ChatGPT 登录失败,故障排查,2026-08-21,问题解决型,/blog/chatgpt-official-entry-domestic-use/；/blog/chatgpt-chinese-entry-guide/；/faq/,否,不加入
24,待撰写,ChatGPT 提示请求过多怎么办？额度与频率限制说明,chatgpt-too-many-requests,ChatGPT 提示请求过多怎么办？额度与频率限制说明 | ChatGPT中文指南,解释额度、频率、系统负载和合理等待，不提供规避限制方法。本文提供原创中文教程、核验步骤与风险提醒；相关价格、模型和规则以实时页面为准。,ChatGPT 请求过多,故障排查,2026-08-25,问题解决型,/blog/chatgpt-official-entry-domestic-use/；/blog/chatgpt-chinese-entry-guide/；/faq/,否,不加入
25,待撰写,ChatGPT 历史记录不见了怎么办？同步与数据检查方法,chatgpt-history-missing,ChatGPT 历史记录不见了怎么办？同步与数据检查方法 | ChatGPT中文指南,检查账号、登录方式、服务状态、历史设置和本地显示问题。本文提供原创中文教程、核验步骤与风险提醒；相关价格、模型和规则以实时页面为准。,ChatGPT 历史记录不见了,故障排查,2026-08-29,问题解决型,/blog/chatgpt-official-entry-domestic-use/；/blog/chatgpt-chinese-entry-guide/；/faq/,否,不加入
26,待撰写,ChatGPT 隐私设置怎么检查？对话、训练与数据导出说明,chatgpt-privacy-settings,ChatGPT 隐私设置怎么检查？对话、训练与数据导出说明 | ChatGPT中文指南,说明对话历史、训练选项、临时对话、数据导出和删除核验。本文提供原创中文教程、核验步骤与风险提醒；相关价格、模型和规则以实时页面为准。,ChatGPT 隐私设置,隐私与安全,2026-09-02,操作教程型,/blog/chatgpt-mirror-site-safety/；/disclaimer/；/zeogpt/,否,不加入
27,待撰写,ChatGPT 镜像站和官网有什么区别？账号、模型与费用对比,chatgpt-mirror-vs-official,ChatGPT 镜像站和官网有什么区别？账号、模型与费用对比 | ChatGPT中文指南,对比运营主体、账号、模型、数据、价格、售后和稳定性。本文提供原创中文教程、核验步骤与风险提醒；相关价格、模型和规则以实时页面为准。,ChatGPT 镜像站和官网区别,镜像站与安全,2026-09-06,比较型,/blog/chatgpt-mirror-site-safety/；/disclaimer/；/zeogpt/,是,对比表后与结尾；明确第三方身份
28,待撰写,怎么选择 ChatGPT 镜像站？12 项安全与透明度清单,choose-chatgpt-mirror-site,怎么选择 ChatGPT 镜像站？12 项安全与透明度清单 | ChatGPT中文指南,提供域名、主体、数据、模型、支付、退款、客服和状态页检查。本文提供原创中文教程、核验步骤与风险提醒；相关价格、模型和规则以实时页面为准。,ChatGPT 镜像站选择,镜像站与安全,2026-09-10,风险评估型,/blog/chatgpt-mirror-site-safety/；/disclaimer/；/zeogpt/,是,清单后作为公开案例，不下绝对结论
29,待撰写,ChatGPT 共享账号有什么风险？隐私、额度与账号回收,chatgpt-shared-account-risks,ChatGPT 共享账号有什么风险？隐私、额度与账号回收 | ChatGPT中文指南,说明历史记录混用、密码变更、额度争议、异常登录和所有权问题。本文提供原创中文教程、核验步骤与风险提醒；相关价格、模型和规则以实时页面为准。,ChatGPT 共享账号风险,镜像站与安全,2026-09-14,风险评估型,/blog/chatgpt-mirror-site-safety/；/disclaimer/；/zeogpt/,可选,安全替代方案章节
30,待撰写,使用 AI 镜像站会泄露隐私吗？数据输入边界与自保方法,ai-mirror-privacy-risks,使用 AI 镜像站会泄露隐私吗？数据输入边界与自保方法 | ChatGPT中文指南,解释 HTTPS、日志、上游模型、对话保存和敏感数据最小化。本文提供原创中文教程、核验步骤与风险提醒；相关价格、模型和规则以实时页面为准。,AI 镜像站隐私,镜像站与安全,2026-09-18,风险评估型,/blog/chatgpt-mirror-site-safety/；/disclaimer/；/zeogpt/,可选,平台核验案例后
31,待撰写,ZEOGPT 登录不了怎么办？邮箱、密码与浏览器排查,zeogpt-login-problems,ZEOGPT 登录不了怎么办？邮箱、密码与浏览器排查 | ChatGPT中文指南,排查邮箱拼写、密码、验证码、缓存、页面状态和客服信息。本文提供原创中文教程、核验步骤与风险提醒；相关价格、模型和规则以实时页面为准。,ZEOGPT 登录不了,ZEOGPT 指南,2026-09-22,问题解决型,/zeogpt/；/pricing-guide/；/blog/chatgpt-mirror-site-safety/,是,排查完成后的官方注册入口核对
32,待撰写,ZEOGPT 忘记密码怎么办？邮箱找回与账号安全建议,zeogpt-password-reset,ZEOGPT 忘记密码怎么办？邮箱找回与账号安全建议 | ChatGPT中文指南,说明密码重置、邮箱安全、独立密码和会话检查。本文提供原创中文教程、核验步骤与风险提醒；相关价格、模型和规则以实时页面为准。,ZEOGPT 忘记密码,ZEOGPT 指南,2026-09-26,操作教程型,/zeogpt/；/pricing-guide/；/blog/chatgpt-mirror-site-safety/,是,重置步骤后的安全提示
33,待撰写,ZEOGPT 支持微信支付吗？付款前需要核对什么,zeogpt-wechat-payment,ZEOGPT 支持微信支付吗？付款前需要核对什么 | ChatGPT中文指南,基于公开页说明微信支付，并给出金额、订单、主体和退款核验。本文提供原创中文教程、核验步骤与风险提醒；相关价格、模型和规则以实时页面为准。,ZEOGPT 微信支付,ZEOGPT 指南,2026-09-30,交易前研究型,/zeogpt/；/pricing-guide/；/blog/chatgpt-mirror-site-safety/,是,支付规则说明后
34,待撰写,ZEOGPT 怎么续费和升级？套餐生效时间说明,zeogpt-renewal-upgrade,ZEOGPT 怎么续费和升级？套餐生效时间说明 | ChatGPT中文指南,解释同套餐续费、跨档升级、旧订阅取消和新周期生效。本文提供原创中文教程、核验步骤与风险提醒；相关价格、模型和规则以实时页面为准。,ZEOGPT 续费升级,ZEOGPT 指南,2026-10-04,操作教程型,/zeogpt/；/pricing-guide/；/blog/chatgpt-mirror-site-safety/,是,步骤中段与套餐对比链接后
35,待撰写,ZEOGPT 可以退款吗？公开规则与购买前风险,zeogpt-refund-policy,ZEOGPT 可以退款吗？公开规则与购买前风险 | ChatGPT中文指南,整理虚拟产品退款限制、手续费、已使用天数和证据保留。本文提供原创中文教程、核验步骤与风险提醒；相关价格、模型和规则以实时页面为准。,ZEOGPT 退款,ZEOGPT 指南,2026-10-08,交易前研究型,/zeogpt/；/pricing-guide/；/blog/chatgpt-mirror-site-safety/,是,风险提示后，克制 CTA
36,待撰写,ZEOGPT Plus 套餐适合谁？额度、场景与成本分析,zeogpt-plus-plan-guide,ZEOGPT Plus 套餐适合谁？额度、场景与成本分析 | ChatGPT中文指南,分析轻度问答、翻译、写作、偶尔代码和首次测试场景。本文提供原创中文教程、核验步骤与风险提醒；相关价格、模型和规则以实时页面为准。,ZEOGPT Plus,ZEOGPT 指南,2026-10-12,商业比较型,/zeogpt/；/pricing-guide/；/blog/chatgpt-mirror-site-safety/,是,场景分析后与结尾
37,待撰写,ZEOGPT Pro 5x 值得买吗？高频写作与代码使用分析,zeogpt-pro-5x-guide,ZEOGPT Pro 5x 值得买吗？高频写作与代码使用分析 | ChatGPT中文指南,分析约 5 倍额度、价格、使用量记录和升级阈值。本文提供原创中文教程、核验步骤与风险提醒；相关价格、模型和规则以实时页面为准。,ZEOGPT Pro 5x,ZEOGPT 指南,2026-10-16,商业比较型,/zeogpt/；/pricing-guide/；/blog/chatgpt-mirror-site-safety/,是,成本测算后与结尾
38,待撰写,ZEOGPT Pro 20x 适合重度用户吗？额度与风险说明,zeogpt-pro-20x-guide,ZEOGPT Pro 20x 适合重度用户吗？额度与风险说明 | ChatGPT中文指南,分析高额度、页面“不限”含义、并发、公平使用和备用方案。本文提供原创中文教程、核验步骤与风险提醒；相关价格、模型和规则以实时页面为准。,ZEOGPT Pro 20x,ZEOGPT 指南,2026-10-20,商业比较型,/zeogpt/；/pricing-guide/；/blog/chatgpt-mirror-site-safety/,是,风险边界后与结尾
39,待撰写,ZEOGPT Codex 额度怎么用？计量、刷新与选择建议,zeogpt-codex-quota-guide,ZEOGPT Codex 额度怎么用？计量、刷新与选择建议 | ChatGPT中文指南,解释美元额度不是现金、消耗单位、刷新、清零和失败请求。本文提供原创中文教程、核验步骤与风险提醒；相关价格、模型和规则以实时页面为准。,ZEOGPT Codex 额度,ZEOGPT 指南,2026-10-24,信息型 + 商业研究,/zeogpt/；/pricing-guide/；/blog/chatgpt-mirror-site-safety/,是,额度说明后与套餐表后
40,待撰写,ZEOGPT 支持哪些模型？GPT、Claude、Gemini、Grok 与 DeepSeek,zeogpt-supported-models,ZEOGPT 支持哪些模型？GPT、Claude、Gemini、Grok 与 DeepSeek | ChatGPT中文指南,按公开页面整理模型系列，并解释第三方功能与官方应用差异。本文提供原创中文教程、核验步骤与风险提醒；相关价格、模型和规则以实时页面为准。,ZEOGPT 支持模型,ZEOGPT 指南,2026-10-28,品牌研究型,/zeogpt/；/pricing-guide/；/blog/chatgpt-mirror-site-safety/,是,模型比较后与结尾
41,待撰写,ZEOGPT 的 GPT 模型怎么选？日常问答、写作与代码场景,zeogpt-gpt-model-selection,ZEOGPT 的 GPT 模型怎么选？日常问答、写作与代码场景 | ChatGPT中文指南,按速度、推理、成本、上下文和任务复杂度选择模型。本文提供原创中文教程、核验步骤与风险提醒；相关价格、模型和规则以实时页面为准。,ZEOGPT GPT 模型,ZEOGPT 指南,2026-11-01,操作教程型,/zeogpt/；/pricing-guide/；/blog/chatgpt-mirror-site-safety/,是,模型选择表后
42,待撰写,Claude 国内使用指南：官方信息、中文能力与第三方平台风险,claude-domestic-use-guide,Claude 国内使用指南：官方信息、中文能力与第三方平台风险 | ChatGPT中文指南,说明 Anthropic 官方信息、支持范围、中文任务和第三方聚合风险。本文提供原创中文教程、核验步骤与风险提醒；相关价格、模型和规则以实时页面为准。,Claude 国内使用,Claude 指南,2026-11-05,导航型 + 教程型,/blog/；/zeogpt/；/blog/what-is-zeogpt/,可选,多模型聚合章节，明确非官方
43,待撰写,Claude 和 ChatGPT 哪个更适合中文长文？场景对比,claude-vs-chatgpt-chinese,Claude 和 ChatGPT 哪个更适合中文长文？场景对比 | ChatGPT中文指南,比较长文、结构、代码、工具、事实核验和产品变化。本文提供原创中文教程、核验步骤与风险提醒；相关价格、模型和规则以实时页面为准。,Claude ChatGPT 对比,Claude 指南,2026-11-09,比较型,/blog/；/zeogpt/；/blog/what-is-zeogpt/,可选,结尾多模型体验章节
44,待撰写,Gemini 国内使用指南：官方入口、账号与中文任务说明,gemini-domestic-use-guide,Gemini 国内使用指南：官方入口、账号与中文任务说明 | ChatGPT中文指南,说明 Google 官方入口、账号、地区和第三方平台边界。本文提供原创中文教程、核验步骤与风险提醒；相关价格、模型和规则以实时页面为准。,Gemini 国内使用,Gemini 指南,2026-11-13,导航型 + 教程型,/blog/；/zeogpt/；/blog/what-is-zeogpt/,可选,第三方多模型章节
45,待撰写,Gemini 和 ChatGPT 有什么区别？搜索、写作与多模态对比,gemini-vs-chatgpt,Gemini 和 ChatGPT 有什么区别？搜索、写作与多模态对比 | ChatGPT中文指南,比较搜索生态、写作、多模态、上下文、价格和账号体系。本文提供原创中文教程、核验步骤与风险提醒；相关价格、模型和规则以实时页面为准。,Gemini ChatGPT 区别,Gemini 指南,2026-11-17,比较型,/blog/；/zeogpt/；/blog/what-is-zeogpt/,可选,结尾多模型体验章节
46,待撰写,Grok 国内使用指南：官方入口、功能与第三方平台说明,grok-domestic-use-guide,Grok 国内使用指南：官方入口、功能与第三方平台说明 | ChatGPT中文指南,说明 xAI 官方信息、产品入口、账号、实时信息和第三方风险。本文提供原创中文教程、核验步骤与风险提醒；相关价格、模型和规则以实时页面为准。,Grok 国内使用,Grok 指南,2026-11-21,导航型 + 教程型,/blog/；/zeogpt/；/blog/what-is-zeogpt/,可选,多模型聚合章节
47,待撰写,Grok 和 ChatGPT 怎么选？实时信息、写作与代码对比,grok-vs-chatgpt,Grok 和 ChatGPT 怎么选？实时信息、写作与代码对比 | ChatGPT中文指南,比较信息时效、语气、写作、代码、工具和核验方法。本文提供原创中文教程、核验步骤与风险提醒；相关价格、模型和规则以实时页面为准。,Grok ChatGPT 对比,Grok 指南,2026-11-25,比较型,/blog/；/zeogpt/；/blog/what-is-zeogpt/,可选,结尾多模型体验章节
48,待撰写,DeepSeek 使用教程：官网识别、账号与中文提示方法,deepseek-use-guide,DeepSeek 使用教程：官网识别、账号与中文提示方法 | ChatGPT中文指南,说明官网识别、账号安全、中文提示、深度思考和结果核验。本文提供原创中文教程、核验步骤与风险提醒；相关价格、模型和规则以实时页面为准。,DeepSeek 使用教程,DeepSeek 指南,2026-11-29,操作教程型,/blog/；/zeogpt/；/blog/what-is-zeogpt/,可选,多模型平台作为次级选择
49,待撰写,DeepSeek 和 ChatGPT 有什么区别？中文、推理与代码对比,deepseek-vs-chatgpt,DeepSeek 和 ChatGPT 有什么区别？中文、推理与代码对比 | ChatGPT中文指南,比较中文、推理、代码、生态、价格、隐私和适用场景。本文提供原创中文教程、核验步骤与风险提醒；相关价格、模型和规则以实时页面为准。,DeepSeek ChatGPT 区别,DeepSeek 指南,2026-12-03,比较型,/blog/；/zeogpt/；/blog/what-is-zeogpt/,可选,结尾多模型体验章节
50,待撰写,多模型 AI 工具订阅怎么选？官方订阅与聚合平台对比,multi-model-ai-subscription-guide,多模型 AI 工具订阅怎么选？官方订阅与聚合平台对比 | ChatGPT中文指南,比较单厂商官方订阅与第三方聚合的成本、功能、隐私和稳定性。本文提供原创中文教程、核验步骤与风险提醒；相关价格、模型和规则以实时页面为准。,多模型 AI 工具订阅,AI 工具选择,2026-12-07,商业比较型,/blog/；/zeogpt/；/blog/what-is-zeogpt/,是,对比表后、决策树后与结尾
51,待撰写,GPT、Claude、Gemini、Grok、DeepSeek 怎么选？任务决策表,choose-ai-model-guide,GPT、Claude、Gemini、Grok、DeepSeek 怎么选？任务决策表 | ChatGPT中文指南,按写作、长文、代码、搜索、多模态、中文和隐私选择。本文提供原创中文教程、核验步骤与风险提醒；相关价格、模型和规则以实时页面为准。,AI 模型怎么选,AI 工具选择,2026-12-11,比较型,/blog/；/zeogpt/；/blog/what-is-zeogpt/,是,决策表后，作为聚合体验选项
52,待撰写,AI 写作工具怎么选？五类模型的中文内容场景对比,ai-writing-model-comparison,AI 写作工具怎么选？五类模型的中文内容场景对比 | ChatGPT中文指南,比较选题、改写、长文、营销、事实核验与品牌语气控制。本文提供原创中文教程、核验步骤与风险提醒；相关价格、模型和规则以实时页面为准。,AI 写作工具,AI 工具选择,2026-12-15,比较型,/blog/；/zeogpt/；/blog/what-is-zeogpt/,可选,结尾多模型对照测试
53,待撰写,AI 编程模型怎么选？代码解释、重构、测试与 Codex 额度,ai-coding-model-comparison,AI 编程模型怎么选？代码解释、重构、测试与 Codex 额度 | ChatGPT中文指南,比较代码上下文、工具调用、测试、隐私和 Codex 类额度。本文提供原创中文教程、核验步骤与风险提醒；相关价格、模型和规则以实时页面为准。,AI 编程模型,AI 工具选择,2026-12-19,比较型,/blog/；/zeogpt/；/blog/what-is-zeogpt/,是,Codex 章节后与结尾
54,待撰写,长文本 AI 模型怎么选？上下文、文件与摘要质量对比,long-context-ai-models,长文本 AI 模型怎么选？上下文、文件与摘要质量对比 | ChatGPT中文指南,比较上下文、文件格式、引用定位、成本和敏感资料处理。本文提供原创中文教程、核验步骤与风险提醒；相关价格、模型和规则以实时页面为准。,长文本 AI 模型,AI 工具选择,2026-12-23,比较型,/blog/；/zeogpt/；/blog/what-is-zeogpt/,可选,多模型交叉验证章节
55,待撰写,使用 AI 工具如何保护隐私？个人与企业数据清单,ai-tools-privacy-guide,使用 AI 工具如何保护隐私？个人与企业数据清单 | ChatGPT中文指南,给出禁止输入、脱敏、最小化、权限、保留和供应商评估清单。本文提供原创中文教程、核验步骤与风险提醒；相关价格、模型和规则以实时页面为准。,AI 工具隐私,隐私与安全,2026-12-27,风险评估型,/blog/chatgpt-mirror-site-safety/；/disclaimer/；/zeogpt/,否,不加入商业 CTA
56,待撰写,AI 会胡说吗？如何核验模型回答、引用与数字,ai-hallucination-verification,AI 会胡说吗？如何核验模型回答、引用与数字 | ChatGPT中文指南,解释幻觉、来源核验、交叉验证、日期检查和高风险决策边界。本文提供原创中文教程、核验步骤与风险提醒；相关价格、模型和规则以实时页面为准。,AI 回答核验,AI 基础,2026-12-31,问题解决型,/blog/chatgpt-official-entry-domestic-use/；/blog/chatgpt-chinese-entry-guide/；/faq/,否,不加入
57,待撰写,中文提示词怎么写？任务、材料、格式与边界四步法,chinese-prompt-writing-guide,中文提示词怎么写？任务、材料、格式与边界四步法 | ChatGPT中文指南,提供可复用的中文提示结构、示例、迭代和事实约束。本文提供原创中文教程、核验步骤与风险提醒；相关价格、模型和规则以实时页面为准。,中文提示词教程,AI 基础,2027-01-04,操作教程型,/blog/chatgpt-official-entry-domestic-use/；/blog/chatgpt-chinese-entry-guide/；/faq/,可选,结尾说明可在不同模型交叉测试
58,待撰写,AI 办公工作流教程：会议、文档、表格与邮件怎么配合,ai-office-workflow-guide,AI 办公工作流教程：会议、文档、表格与邮件怎么配合 | ChatGPT中文指南,设计会议整理、文档提炼、表格分析、邮件草稿和人工复核流程。本文提供原创中文教程、核验步骤与风险提醒；相关价格、模型和规则以实时页面为准。,AI 办公教程,AI 应用,2027-01-08,操作教程型,/blog/chatgpt-official-entry-domestic-use/；/blog/chatgpt-chinese-entry-guide/；/faq/,可选,工具选择章节
59,待撰写,学生如何负责任地使用 ChatGPT 与 AI 工具,student-responsible-ai-use,学生如何负责任地使用 ChatGPT 与 AI 工具 | ChatGPT中文指南,说明学校规则、引用、事实核验、隐私、独立思考和学术诚信。本文提供原创中文教程、核验步骤与风险提醒；相关价格、模型和规则以实时页面为准。,学生使用 ChatGPT,AI 应用,2027-01-12,教育型,/blog/chatgpt-official-entry-domestic-use/；/blog/chatgpt-chinese-entry-guide/；/faq/,否,不加入商业 CTA
60,待撰写,企业使用第三方 AI 平台前要检查什么？数据与合规清单,business-ai-platform-security,企业使用第三方 AI 平台前要检查什么？数据与合规清单 | ChatGPT中文指南,检查合同、数据位置、访问权限、日志、删除、SLA、模型供应与退出方案。本文提供原创中文教程、核验步骤与风险提醒；相关价格、模型和规则以实时页面为准。,企业 AI 数据安全,隐私与安全,2027-01-16,风险评估型,/blog/chatgpt-official-entry-domestic-use/；/blog/chatgpt-chinese-entry-guide/；/faq/,否,不加入商业 CTA
